record_id	assay_id	metadata_sheet	source_sample_label	source_library_id	sample_id	sample_type	control_type	dilution	extraction_date	library_date	sequencing_date	sequencing_date_basis	sequencing_run	index_set	index_forward	index_reverse	extraction_concentration	pcr_concentration	pcr_tapestation	library_concentration	library_tapestation	fastq_id	fastq_r1	fastq_r2
carpio1__01-049__2026-01-22__2026-01-22	carpio1	run1	01-049_22012026	b1_v3v4	01-049	biopsy	NA	NA	2026-01-22	NA	2026-01-22	source_label_date	carpio1	NA	NA	NA	NA	NA	NA	NA	NA	01-049_carpio1	data/raw_data/01-049_carpio1_R1.fastq.gz	data/raw_data/01-049_carpio1_R2.fastq.gz
carpio1__01-050__2026-01-22__2026-01-22	carpio1	run1	01-050_22012026	b2_v3v4	01-050	biopsy	NA	NA	2026-01-22	NA	2026-01-22	source_label_date	carpio1	NA	NA	NA	NA	NA	NA	NA	NA	01-050_carpio1	data/raw_data/01-050_carpio1_R1.fastq.gz	data/raw_data/01-050_carpio1_R2.fastq.gz
carpio1__01-051__2026-01-22__2026-01-22	carpio1	run1	01-051_22012026	b3_v3v4	01-051	biopsy	NA	NA	2026-01-22	NA	2026-01-22	source_label_date	carpio1	NA	NA	NA	NA	NA	NA	NA	NA	01-051_carpio1	data/raw_data/01-051_carpio1_R1.fastq.gz	data/raw_data/01-051_carpio1_R2.fastq.gz
carpio1__01-052__2026-01-22__2026-01-22	carpio1	run1	01-052_22012026	b4_v3v4	01-052	biopsy	NA	NA	2026-01-22	NA	2026-01-22	source_label_date	carpio1	NA	NA	NA	NA	NA	NA	NA	NA	01-052_carpio1	data/raw_data/01-052_carpio1_R1.fastq.gz	data/raw_data/01-052_carpio1_R2.fastq.gz
carpio1__01-053__2026-01-22__2026-01-22	carpio1	run1	01-053_22012026	b5_v3v4	01-053	biopsy	NA	NA	2026-01-22	NA	2026-01-22	source_label_date	carpio1	NA	NA	NA	NA	NA	NA	NA	NA	01-053_carpio1	data/raw_data/01-053_carpio1_R1.fastq.gz	data/raw_data/01-053_carpio1_R2.fastq.gz
carpio1__01-054__2026-01-22__2026-01-22	carpio1	run1	01-054_22012026	b6_v3v4	01-054	biopsy	NA	NA	2026-01-22	NA	2026-01-22	source_label_date	carpio1	NA	NA	NA	NA	NA	NA	NA	NA	01-054_carpio1	data/raw_data/01-054_carpio1_R1.fastq.gz	data/raw_data/01-054_carpio1_R2.fastq.gz
carpio1__01-055__2026-01-22__2026-01-22	carpio1	run1	01-055_22012026	b7_v3v4	01-055	biopsy	NA	NA	2026-01-22	NA	2026-01-22	source_label_date	carpio1	NA	NA	NA	NA	NA	NA	NA	NA	01-055_carpio1	data/raw_data/01-055_carpio1_R1.fastq.gz	data/raw_data/01-055_carpio1_R2.fastq.gz
carpio1__01-056__2026-01-22__2026-01-22	carpio1	run1	01-056_22012026	b8_v3v4	01-056	biopsy	NA	NA	2026-01-22	NA	2026-01-22	source_label_date	carpio1	NA	NA	NA	NA	NA	NA	NA	NA	01-056_carpio1	data/raw_data/01-056_carpio1_R1.fastq.gz	data/raw_data/01-056_carpio1_R2.fastq.gz
carpio1__mock_extr_1__2026-01-22__2026-01-22	carpio1	run1	CPosCarpio200-1500_22012026	me1_v3v4	mock_extr_1	positive_control	mock_extraction	NA	2026-01-22	NA	2026-01-22	source_label_date	carpio1	NA	NA	NA	NA	NA	NA	NA	NA	mock_extr_1	data/raw_data/mock_extr_1_R1.fastq.gz	data/raw_data/mock_extr_1_R2.fastq.gz
carpio1__mock_extr_2__2026-01-26__2026-01-26	carpio1	run1	CPosCarpio400-1500_26012026	me2_v3v4	mock_extr_2	positive_control	mock_extraction	NA	2026-01-26	NA	2026-01-26	source_label_date	carpio1	NA	NA	NA	NA	NA	NA	NA	NA	mock_extr_2	data/raw_data/mock_extr_2_R1.fastq.gz	data/raw_data/mock_extr_2_R2.fastq.gz
carpio1__mock_extr_3__2026-02-02__2026-02-02	carpio1	run1	CPosCarpioExtr250-1600_replica1_02022026	me3_v3v4	mock_extr_3	positive_control	mock_extraction	NA	2026-02-02	NA	2026-02-02	source_label_date	carpio1	NA	NA	NA	NA	NA	NA	NA	NA	mock_extr_3	data/raw_data/mock_extr_3_R1.fastq.gz	data/raw_data/mock_extr_3_R2.fastq.gz
carpio1__mock_extr_4__2026-02-02__2026-02-02	carpio1	run1	CPosCarpioExtr250-1600_replica2_02022026	me4_v3v4	mock_extr_4	positive_control	mock_extraction	NA	2026-02-02	NA	2026-02-02	source_label_date	carpio1	NA	NA	NA	NA	NA	NA	NA	NA	mock_extr_4	data/raw_data/mock_extr_4_R1.fastq.gz	data/raw_data/mock_extr_4_R2.fastq.gz
carpio1__mock_extr_5__2026-02-02__2026-02-02	carpio1	run1	CPosCarpioExtr250-1600_replica3_02022026	me5_v3v4	mock_extr_5	positive_control	mock_extraction	NA	2026-02-02	NA	2026-02-02	source_label_date	carpio1	NA	NA	NA	NA	NA	NA	NA	NA	mock_extr_5	data/raw_data/mock_extr_5_R1.fastq.gz	data/raw_data/mock_extr_5_R2.fastq.gz
carpio1__mock_extr_6__2026-02-02__2026-02-02	carpio1	run1	CPosCarpioExtr250-1600_replica4_02022026	me6_v3v4	mock_extr_6	positive_control	mock_extraction	NA	2026-02-02	NA	2026-02-02	source_label_date	carpio1	NA	NA	NA	NA	NA	NA	NA	NA	mock_extr_6	data/raw_data/mock_extr_6_R1.fastq.gz	data/raw_data/mock_extr_6_R2.fastq.gz
carpio1__mock_extr_7__2026-02-02__2026-02-02	carpio1	run1	CPosCarpioExtr250-1600_replica5_02022026	me7_v3v4	mock_extr_7	positive_control	mock_extraction	NA	2026-02-02	NA	2026-02-02	source_label_date	carpio1	NA	NA	NA	NA	NA	NA	NA	NA	mock_extr_7	data/raw_data/mock_extr_7_R1.fastq.gz	data/raw_data/mock_extr_7_R2.fastq.gz
carpio1__mock_extr_8__2026-02-02__2026-02-02	carpio1	run1	CPosCarpioExtr250-1600_replica6_02022026	me8_v3v4	mock_extr_8	positive_control	mock_extraction	NA	2026-02-02	NA	2026-02-02	source_label_date	carpio1	NA	NA	NA	NA	NA	NA	NA	NA	mock_extr_8	data/raw_data/mock_extr_8_R1.fastq.gz	data/raw_data/mock_extr_8_R2.fastq.gz
carpio1__mock_pcr_1__2026-02-25__2026-02-25	carpio1	run1	CPosCarpioPCR_replica1_25022026	mp1_v3v4	mock_pcr_1	positive_control	mock_pcr	NA	2026-02-25	NA	2026-02-25	source_label_date	carpio1	NA	NA	NA	NA	NA	NA	NA	NA	mock_pcr_1	data/raw_data/mock_pcr_1_R1.fastq.gz	data/raw_data/mock_pcr_1_R2.fastq.gz
carpio1__mock_pcr_2__2026-02-25__2026-02-25	carpio1	run1	CPosCarpioPCR_replica2_25022026	mp2_v3v4	mock_pcr_2	positive_control	mock_pcr	NA	2026-02-25	NA	2026-02-25	source_label_date	carpio1	NA	NA	NA	NA	NA	NA	NA	NA	mock_pcr_2	data/raw_data/mock_pcr_2_R1.fastq.gz	data/raw_data/mock_pcr_2_R2.fastq.gz
carpio1__mock_pcr_3__2026-02-25__2026-02-25	carpio1	run1	CPosCarpioPCR_replica3_25022026	mp3_v3v4	mock_pcr_3	positive_control	mock_pcr	NA	2026-02-25	NA	2026-02-25	source_label_date	carpio1	NA	NA	NA	NA	NA	NA	NA	NA	mock_pcr_3	data/raw_data/mock_pcr_3_R1.fastq.gz	data/raw_data/mock_pcr_3_R2.fastq.gz
carpio1__mock_pcr_4__2026-02-25__2026-02-25	carpio1	run1	CPosCarpioPCR_replica4_25022026	mp4_v3v4	mock_pcr_4	positive_control	mock_pcr	NA	2026-02-25	NA	2026-02-25	source_label_date	carpio1	NA	NA	NA	NA	NA	NA	NA	NA	mock_pcr_4	data/raw_data/mock_pcr_4_R1.fastq.gz	data/raw_data/mock_pcr_4_R2.fastq.gz
carpio1__mock_pcr_5__2026-02-25__2026-02-25	carpio1	run1	CPosCarpioPCR_replica5_25022026	mp5_v3v4	mock_pcr_5	positive_control	mock_pcr	NA	2026-02-25	NA	2026-02-25	source_label_date	carpio1	NA	NA	NA	NA	NA	NA	NA	NA	mock_pcr_5	data/raw_data/mock_pcr_5_R1.fastq.gz	data/raw_data/mock_pcr_5_R2.fastq.gz
carpio1__mock_pcr_6__2026-02-25__2026-02-25	carpio1	run1	CPosCarpioPCR_replica6_25022026	mp6_v3v4	mock_pcr_6	positive_control	mock_pcr	NA	2026-02-25	NA	2026-02-25	source_label_date	carpio1	NA	NA	NA	NA	NA	NA	NA	NA	mock_pcr_6	data/raw_data/mock_pcr_6_R1.fastq.gz	data/raw_data/mock_pcr_6_R2.fastq.gz
carpio1__ecoli_dil1_1__2026-02-04__2026-02-04	carpio1	run1	EColi10-1_04022026	ce6_v3v4	ecoli_dil1_1	positive_control	ecoli_dilution	1	2026-02-04	NA	2026-02-04	source_label_date	carpio1	NA	NA	NA	NA	NA	NA	NA	NA	ecoli_dil1_1	data/raw_data/ecoli_dil1_1_R1.fastq.gz	data/raw_data/ecoli_dil1_1_R2.fastq.gz
carpio1__ecoli_dil2_1__2026-02-04__2026-02-04	carpio1	run1	EColi10-2_04022026	ce5_v3v4	ecoli_dil2_1	positive_control	ecoli_dilution	2	2026-02-04	NA	2026-02-04	source_label_date	carpio1	NA	NA	NA	NA	NA	NA	NA	NA	ecoli_dil2_1	data/raw_data/ecoli_dil2_1_R1.fastq.gz	data/raw_data/ecoli_dil2_1_R2.fastq.gz
carpio1__ecoli_dil3_1__2026-02-04__2026-02-04	carpio1	run1	EColi10-3_04022026	ce4_v3v4	ecoli_dil3_1	positive_control	ecoli_dilution	3	2026-02-04	NA	2026-02-04	source_label_date	carpio1	NA	NA	NA	NA	NA	NA	NA	NA	ecoli_dil3_1	data/raw_data/ecoli_dil3_1_R1.fastq.gz	data/raw_data/ecoli_dil3_1_R2.fastq.gz
carpio1__ecoli_dil4_1__2026-02-04__2026-02-04	carpio1	run1	EColi10-4_04022026	ce3_v3v4	ecoli_dil4_1	positive_control	ecoli_dilution	4	2026-02-04	NA	2026-02-04	source_label_date	carpio1	NA	NA	NA	NA	NA	NA	NA	NA	ecoli_dil4_1	data/raw_data/ecoli_dil4_1_R1.fastq.gz	data/raw_data/ecoli_dil4_1_R2.fastq.gz
carpio1__ecoli_dil5_1__2026-02-04__2026-02-04	carpio1	run1	EColi10-5_04022026	ce2_v3v4	ecoli_dil5_1	positive_control	ecoli_dilution	5	2026-02-04	NA	2026-02-04	source_label_date	carpio1	NA	NA	NA	NA	NA	NA	NA	NA	ecoli_dil5_1	data/raw_data/ecoli_dil5_1_R1.fastq.gz	data/raw_data/ecoli_dil5_1_R2.fastq.gz
carpio1__ecoli_dil6_1__2026-02-04__2026-02-04	carpio1	run1	EColi10-6_04022026	ce1_v3v4	ecoli_dil6_1	positive_control	ecoli_dilution	6	2026-02-04	NA	2026-02-04	source_label_date	carpio1	NA	NA	NA	NA	NA	NA	NA	NA	ecoli_dil6_1	data/raw_data/ecoli_dil6_1_R1.fastq.gz	data/raw_data/ecoli_dil6_1_R2.fastq.gz
carpio1__ecoli_dil5_2__2026-02-09__2026-02-09	carpio1	run1	EColiSixMex1-53x10-5_replica1_09022026	ce8_v3v4	ecoli_dil5_2	positive_control	ecoli_dilution	5	2026-02-09	NA	2026-02-09	source_label_date	carpio1	NA	NA	NA	NA	NA	NA	NA	NA	ecoli_dil5_2	data/raw_data/ecoli_dil5_2_R1.fastq.gz	data/raw_data/ecoli_dil5_2_R2.fastq.gz
carpio1__ecoli_dil5_3__2026-02-09__2026-02-09	carpio1	run1	EColiSixMex1-53x10-5_replica2_09022026	ce14_v3v4	ecoli_dil5_3	positive_control	ecoli_dilution	5	2026-02-09	NA	2026-02-09	source_label_date	carpio1	NA	NA	NA	NA	NA	NA	NA	NA	ecoli_dil5_3	data/raw_data/ecoli_dil5_3_R1.fastq.gz	data/raw_data/ecoli_dil5_3_R2.fastq.gz
carpio1__ecoli_dil5_4__2026-02-09__2026-02-09	carpio1	run1	EColiSixMex1-53x10-5_replica3_09022026	ce20_v3v4	ecoli_dil5_4	positive_control	ecoli_dilution	5	2026-02-09	NA	2026-02-09	source_label_date	carpio1	NA	NA	NA	NA	NA	NA	NA	NA	ecoli_dil5_4	data/raw_data/ecoli_dil5_4_R1.fastq.gz	data/raw_data/ecoli_dil5_4_R2.fastq.gz
carpio1__ecoli_dil1_2__2026-02-09__2026-02-09	carpio1	run1	EColiSixMex10-1_replica1_09022026	ce12_v3v4	ecoli_dil1_2	positive_control	ecoli_dilution	1	2026-02-09	NA	2026-02-09	source_label_date	carpio1	NA	NA	NA	NA	NA	NA	NA	NA	ecoli_dil1_2	data/raw_data/ecoli_dil1_2_R1.fastq.gz	data/raw_data/ecoli_dil1_2_R2.fastq.gz
carpio1__ecoli_dil1_3__2026-02-09__2026-02-09	carpio1	run1	EColiSixMex10-1_replica2_09022026	ce18_v3v4	ecoli_dil1_3	positive_control	ecoli_dilution	1	2026-02-09	NA	2026-02-09	source_label_date	carpio1	NA	NA	NA	NA	NA	NA	NA	NA	ecoli_dil1_3	data/raw_data/ecoli_dil1_3_R1.fastq.gz	data/raw_data/ecoli_dil1_3_R2.fastq.gz
carpio1__ecoli_dil1_4__2026-02-09__2026-02-09	carpio1	run1	EColiSixMex10-1_replica3_09022026	ce24_v3v4	ecoli_dil1_4	positive_control	ecoli_dilution	1	2026-02-09	NA	2026-02-09	source_label_date	carpio1	NA	NA	NA	NA	NA	NA	NA	NA	ecoli_dil1_4	data/raw_data/ecoli_dil1_4_R1.fastq.gz	data/raw_data/ecoli_dil1_4_R2.fastq.gz
carpio1__ecoli_dil2_2__2026-02-09__2026-02-09	carpio1	run1	EColiSixMex10-2_replica1_09022026	ce11_v3v4	ecoli_dil2_2	positive_control	ecoli_dilution	2	2026-02-09	NA	2026-02-09	source_label_date	carpio1	NA	NA	NA	NA	NA	NA	NA	NA	ecoli_dil2_2	data/raw_data/ecoli_dil2_2_R1.fastq.gz	data/raw_data/ecoli_dil2_2_R2.fastq.gz
carpio1__ecoli_dil2_3__2026-02-09__2026-02-09	carpio1	run1	EColiSixMex10-2_replica2_09022026	ce17_v3v4	ecoli_dil2_3	positive_control	ecoli_dilution	2	2026-02-09	NA	2026-02-09	source_label_date	carpio1	NA	NA	NA	NA	NA	NA	NA	NA	ecoli_dil2_3	data/raw_data/ecoli_dil2_3_R1.fastq.gz	data/raw_data/ecoli_dil2_3_R2.fastq.gz
carpio1__ecoli_dil2_4__2026-02-09__2026-02-09	carpio1	run1	EColiSixMex10-2_replica3_09022026	ce23_v3v4	ecoli_dil2_4	positive_control	ecoli_dilution	2	2026-02-09	NA	2026-02-09	source_label_date	carpio1	NA	NA	NA	NA	NA	NA	NA	NA	ecoli_dil2_4	data/raw_data/ecoli_dil2_4_R1.fastq.gz	data/raw_data/ecoli_dil2_4_R2.fastq.gz
carpio1__ecoli_dil4_2__2026-02-09__2026-02-09	carpio1	run1	EColiSixMex2-04x10-4_replica1_09022026	ce9_v3v4	ecoli_dil4_2	positive_control	ecoli_dilution	4	2026-02-09	NA	2026-02-09	source_label_date	carpio1	NA	NA	NA	NA	NA	NA	NA	NA	ecoli_dil4_2	data/raw_data/ecoli_dil4_2_R1.fastq.gz	data/raw_data/ecoli_dil4_2_R2.fastq.gz
carpio1__ecoli_dil4_3__2026-02-09__2026-02-09	carpio1	run1	EColiSixMex2-04x10-4_replica2_09022026	ce15_v3v4	ecoli_dil4_3	positive_control	ecoli_dilution	4	2026-02-09	NA	2026-02-09	source_label_date	carpio1	NA	NA	NA	NA	NA	NA	NA	NA	ecoli_dil4_3	data/raw_data/ecoli_dil4_3_R1.fastq.gz	data/raw_data/ecoli_dil4_3_R2.fastq.gz
carpio1__ecoli_dil4_4__2026-02-09__2026-02-09	carpio1	run1	EColiSixMex2-04x10-4_replica3_09022026	ce21_v3v4	ecoli_dil4_4	positive_control	ecoli_dilution	4	2026-02-09	NA	2026-02-09	source_label_date	carpio1	NA	NA	NA	NA	NA	NA	NA	NA	ecoli_dil4_4	data/raw_data/ecoli_dil4_4_R1.fastq.gz	data/raw_data/ecoli_dil4_4_R2.fastq.gz
carpio1__ecoli_dil3_2__2026-02-09__2026-02-09	carpio1	run1	EColiSixmex2x10-3_replica1_09022026	ce10_v3v4	ecoli_dil3_2	positive_control	ecoli_dilution	3	2026-02-09	NA	2026-02-09	source_label_date	carpio1	NA	NA	NA	NA	NA	NA	NA	NA	ecoli_dil3_2	data/raw_data/ecoli_dil3_2_R1.fastq.gz	data/raw_data/ecoli_dil3_2_R2.fastq.gz
carpio1__ecoli_dil3_3__2026-02-09__2026-02-09	carpio1	run1	EColiSixmex2x10-3_replica2_09022026	ce16_v3v4	ecoli_dil3_3	positive_control	ecoli_dilution	3	2026-02-09	NA	2026-02-09	source_label_date	carpio1	NA	NA	NA	NA	NA	NA	NA	NA	ecoli_dil3_3	data/raw_data/ecoli_dil3_3_R1.fastq.gz	data/raw_data/ecoli_dil3_3_R2.fastq.gz
carpio1__ecoli_dil3_4__2026-02-09__2026-02-09	carpio1	run1	EColiSixmex2x10-3_replica3_09022026	ce22_v3v4	ecoli_dil3_4	positive_control	ecoli_dilution	3	2026-02-09	NA	2026-02-09	source_label_date	carpio1	NA	NA	NA	NA	NA	NA	NA	NA	ecoli_dil3_4	data/raw_data/ecoli_dil3_4_R1.fastq.gz	data/raw_data/ecoli_dil3_4_R2.fastq.gz
carpio1__ecoli_dil6_2__2026-02-09__2026-02-09	carpio1	run1	EColiSixMex2x10-6_replica1_09022026	ce7_v3v4	ecoli_dil6_2	positive_control	ecoli_dilution	6	2026-02-09	NA	2026-02-09	source_label_date	carpio1	NA	NA	NA	NA	NA	NA	NA	NA	ecoli_dil6_2	data/raw_data/ecoli_dil6_2_R1.fastq.gz	data/raw_data/ecoli_dil6_2_R2.fastq.gz
carpio1__ecoli_dil6_3__2026-02-09__2026-02-09	carpio1	run1	EColiSixMex2x10-6_replica2_09022026	ce13_v3v4	ecoli_dil6_3	positive_control	ecoli_dilution	6	2026-02-09	NA	2026-02-09	source_label_date	carpio1	NA	NA	NA	NA	NA	NA	NA	NA	ecoli_dil6_3	data/raw_data/ecoli_dil6_3_R1.fastq.gz	data/raw_data/ecoli_dil6_3_R2.fastq.gz
carpio1__ecoli_dil6_4__2026-02-09__2026-02-09	carpio1	run1	EColiSixMex2x10-6_replica3_09022026	ce19_v3v4	ecoli_dil6_4	positive_control	ecoli_dilution	6	2026-02-09	NA	2026-02-09	source_label_date	carpio1	NA	NA	NA	NA	NA	NA	NA	NA	ecoli_dil6_4	data/raw_data/ecoli_dil6_4_R1.fastq.gz	data/raw_data/ecoli_dil6_4_R2.fastq.gz
carpio2_run3__01-049__2026-01-22__2026-07-30	carpio2_run3	run_3	01-049_22012026	NA	01-049	biopsy	NA	NA	2026-01-22	2026-07-30	2026-07-30	library_date_proxy	3.0	c	N701	S513	81.1	9.77	528	60.2	NA	01-049	data/raw_data/01-049_R1.fastq.gz	data/raw_data/01-049_R2.fastq.gz
carpio2_run3__01-050__2026-01-22__2026-07-30	carpio2_run3	run_3	01-050_22012026	NA	01-050	biopsy	NA	NA	2026-01-22	2026-07-30	2026-07-30	library_date_proxy	3.0	c	N702	S513	67.7	NA	NA	50.1	601	01-050	data/raw_data/01-050_R1.fastq.gz	data/raw_data/01-050_R2.fastq.gz
carpio2_run3__01-051__2026-01-22__2026-07-30	carpio2_run3	run_3	01-051_22012026	NA	01-051	biopsy	NA	NA	2026-01-22	2026-07-30	2026-07-30	library_date_proxy	3.0	c	N703	S513	66.9	NA	NA	69.6	NA	01-051	data/raw_data/01-051_R1.fastq.gz	data/raw_data/01-051_R2.fastq.gz
carpio2_run3__01-052__2026-01-22__2026-07-30	carpio2_run3	run_3	01-052_22012026	NA	01-052	biopsy	NA	NA	2026-01-22	2026-07-30	2026-07-30	library_date_proxy	3.0	c	N704	S513	74.1	NA	NA	55.6	NA	01-052	data/raw_data/01-052_R1.fastq.gz	data/raw_data/01-052_R2.fastq.gz
carpio2_run3__01-053__2026-01-22__2026-07-30	carpio2_run3	run_3	01-053_22012026	NA	01-053	biopsy	NA	NA	2026-01-22	2026-07-30	2026-07-30	library_date_proxy	3.0	c	N705	S513	44.3	NA	NA	58.2	NA	01-053	data/raw_data/01-053_R1.fastq.gz	data/raw_data/01-053_R2.fastq.gz
carpio2_run3__01-054__2026-01-22__2026-07-30	carpio2_run3	run_3	01-054_22012026	NA	01-054	biopsy	NA	NA	2026-01-22	2026-07-30	2026-07-30	library_date_proxy	3.0	c	N706	S513	38.6	11.9	536	65.3	NA	01-054	data/raw_data/01-054_R1.fastq.gz	data/raw_data/01-054_R2.fastq.gz
carpio2_run3__01-055__2026-01-22__2026-07-30	carpio2_run3	run_3	01-055_22012026	NA	01-055	biopsy	NA	NA	2026-01-22	2026-07-30	2026-07-30	library_date_proxy	3.0	c	N707	S513	66.1	NA	NA	56.1	NA	01-055	data/raw_data/01-055_R1.fastq.gz	data/raw_data/01-055_R2.fastq.gz
carpio2_run3__01-056__2026-01-22__2026-07-30	carpio2_run3	run_3	01-056_22012026	NA	01-056	biopsy	NA	NA	2026-01-22	2026-07-30	2026-07-30	library_date_proxy	3.0	c	N710	S513	48.5	NA	NA	50.2	NA	01-056	data/raw_data/01-056_R1.fastq.gz	data/raw_data/01-056_R2.fastq.gz
carpio2_run3__01-057__2026-01-22__2026-07-30	carpio2_run3	run_3	01-057_22012026	NA	01-057	biopsy	NA	NA	2026-01-22	2026-07-30	2026-07-30	library_date_proxy	3.0	c	N711	S513	50.6	NA	NA	78.7	NA	01-057	data/raw_data/01-057_R1.fastq.gz	data/raw_data/01-057_R2.fastq.gz
carpio2_run3__01-058__2026-01-22__2026-07-30	carpio2_run3	run_3	01-058_22012026	NA	01-058	biopsy	NA	NA	2026-01-22	2026-07-30	2026-07-30	library_date_proxy	3.0	c	N712	S513	54.8	NA	NA	87	NA	01-058	data/raw_data/01-058_R1.fastq.gz	data/raw_data/01-058_R2.fastq.gz
carpio2_run3__01-059__2026-01-22__2026-07-30	carpio2_run3	run_3	01-059_22012026	NA	01-059	biopsy	NA	NA	2026-01-22	2026-07-30	2026-07-30	library_date_proxy	3.0	c	N714	S513	62.8	NA	NA	83.3	NA	01-059	data/raw_data/01-059_R1.fastq.gz	data/raw_data/01-059_R2.fastq.gz
carpio2_run3__01-060__2026-01-22__2026-07-30	carpio2_run3	run_3	01-060_22012026	NA	01-060	biopsy	NA	NA	2026-01-22	2026-07-30	2026-07-30	library_date_proxy	3.0	c	N715	S513	55.4	NA	NA	89.1	NA	01-060	data/raw_data/01-060_R1.fastq.gz	data/raw_data/01-060_R2.fastq.gz
carpio2_run3__01-061__2026-01-22__2026-07-30	carpio2_run3	run_3	01-061_22012026	NA	01-061	biopsy	NA	NA	2026-01-22	2026-07-30	2026-07-30	library_date_proxy	3.0	c	N701	S515	45.8	10.1	519	69.4	NA	01-061	data/raw_data/01-061_R1.fastq.gz	data/raw_data/01-061_R2.fastq.gz
carpio2_run3__01-062__2026-01-22__2026-07-30	carpio2_run3	run_3	01-062_22012026	NA	01-062	biopsy	NA	NA	2026-01-22	2026-07-30	2026-07-30	library_date_proxy	3.0	c	N702	S515	38.4	NA	NA	69.1	608	01-062	data/raw_data/01-062_R1.fastq.gz	data/raw_data/01-062_R2.fastq.gz
carpio2_run3__01-063__2026-01-22__2026-07-30	carpio2_run3	run_3	01-063_22012026	NA	01-063	biopsy	NA	NA	2026-01-22	2026-07-30	2026-07-30	library_date_proxy	3.0	c	N703	S515	58.4	NA	NA	82.1	NA	01-063	data/raw_data/01-063_R1.fastq.gz	data/raw_data/01-063_R2.fastq.gz
carpio2_run3__01-064__2026-01-22__2026-07-30	carpio2_run3	run_3	01-064_22012026	NA	01-064	biopsy	NA	NA	2026-01-22	2026-07-30	2026-07-30	library_date_proxy	3.0	c	N704	S517	57.3	NA	NA	63.8	NA	01-064	data/raw_data/01-064_R1.fastq.gz	data/raw_data/01-064_R2.fastq.gz
carpio2_run3__01-065__2026-01-22__2026-07-30	carpio2_run3	run_3	01-065_22012026	NA	01-065	biopsy	NA	NA	2026-01-22	2026-07-30	2026-07-30	library_date_proxy	3.0	c	N715	S517	45	8.9	530	74.9	NA	01-065	data/raw_data/01-065_R1.fastq.gz	data/raw_data/01-065_R2.fastq.gz
carpio2_run3__01-066__2026-01-22__2026-07-30	carpio2_run3	run_3	01-066_22012026	NA	01-066	biopsy	NA	NA	2026-01-22	2026-07-30	2026-07-30	library_date_proxy	3.0	c	N701	S518	52.4	NA	NA	64.5	NA	01-066	data/raw_data/01-066_R1.fastq.gz	data/raw_data/01-066_R2.fastq.gz
carpio2_run3__01-067__2026-01-22__2026-07-30	carpio2_run3	run_3	01-067_22012026	NA	01-067	biopsy	NA	NA	2026-01-22	2026-07-30	2026-07-30	library_date_proxy	3.0	c	N702	S518	53.8	NA	NA	74.8	NA	01-067	data/raw_data/01-067_R1.fastq.gz	data/raw_data/01-067_R2.fastq.gz
carpio2_run3__01-068__2026-01-22__2026-07-30	carpio2_run3	run_3	01-068_22012026	NA	01-068	biopsy	NA	NA	2026-01-22	2026-07-30	2026-07-30	library_date_proxy	3.0	c	N703	S518	52.3	NA	NA	85.2	NA	01-068	data/raw_data/01-068_R1.fastq.gz	data/raw_data/01-068_R2.fastq.gz
carpio2_run3__01-069__2026-01-22__2026-07-30	carpio2_run3	run_3	01-069_22012026	NA	01-069	biopsy	NA	NA	2026-01-22	2026-07-30	2026-07-30	library_date_proxy	3.0	c	N704	S518	68.6	NA	NA	60.8	NA	01-069	data/raw_data/01-069_R1.fastq.gz	data/raw_data/01-069_R2.fastq.gz
carpio2_run3__01-070__2026-01-22__2026-07-30	carpio2_run3	run_3	01-070_22012026	NA	01-070	biopsy	NA	NA	2026-01-22	2026-07-30	2026-07-30	library_date_proxy	3.0	c	N705	S518	67.3	NA	NA	64.9	NA	01-070	data/raw_data/01-070_R1.fastq.gz	data/raw_data/01-070_R2.fastq.gz
carpio2_run3__01-071__2026-01-22__2026-07-30	carpio2_run3	run_3	01-071_22012026	NA	01-071	biopsy	NA	NA	2026-01-22	2026-07-30	2026-07-30	library_date_proxy	3.0	c	N706	S518	60.9	NA	NA	72.4	591	01-071	data/raw_data/01-071_R1.fastq.gz	data/raw_data/01-071_R2.fastq.gz
carpio2_run3__01-072__2026-01-22__2026-07-30	carpio2_run3	run_3	01-072_22012026	NA	01-072	biopsy	NA	NA	2026-01-22	2026-07-30	2026-07-30	library_date_proxy	3.0	c	N707	S518	66.8	NA	NA	63.4	NA	01-072	data/raw_data/01-072_R1.fastq.gz	data/raw_data/01-072_R2.fastq.gz
carpio2_run3__01-073__2026-01-22__2026-07-31	carpio2_run3	run_3	01-073_22012026	NA	01-073	biopsy	NA	NA	2026-01-22	2026-07-31	2026-07-31	library_date_proxy	3.0	c	N710	S518	56.2	NA	NA	52.8	NA	01-073	data/raw_data/01-073_R1.fastq.gz	data/raw_data/01-073_R2.fastq.gz
carpio2_run3__01-074__2026-01-22__2026-07-31	carpio2_run3	run_3	01-074_22012026	NA	01-074	biopsy	NA	NA	2026-01-22	2026-07-31	2026-07-31	library_date_proxy	3.0	c	N711	S518	56.4	NA	NA	66.6	595	01-074	data/raw_data/01-074_R1.fastq.gz	data/raw_data/01-074_R2.fastq.gz
carpio2_run3__01-075__2026-01-22__2026-07-31	carpio2_run3	run_3	01-075_22012026	NA	01-075	biopsy	NA	NA	2026-01-22	2026-07-31	2026-07-31	library_date_proxy	3.0	c	N712	S518	41.1	NA	NA	68.6	NA	01-075	data/raw_data/01-075_R1.fastq.gz	data/raw_data/01-075_R2.fastq.gz
carpio2_run3__01-076__2026-01-22__2026-07-31	carpio2_run3	run_3	01-076_22012026	NA	01-076	biopsy	NA	NA	2026-01-22	2026-07-31	2026-07-31	library_date_proxy	3.0	c	N714	S518	58	5.83	519	68.7	NA	01-076	data/raw_data/01-076_R1.fastq.gz	data/raw_data/01-076_R2.fastq.gz
carpio2_run3__01-077__2026-01-22__2026-07-31	carpio2_run3	run_3	01-077_22012026	NA	01-077	biopsy	NA	NA	2026-01-22	2026-07-31	2026-07-31	library_date_proxy	3.0	c	N715	S518	74.5	NA	NA	65	NA	01-077	data/raw_data/01-077_R1.fastq.gz	data/raw_data/01-077_R2.fastq.gz
carpio2_run3__01-078__2026-01-22__2026-07-31	carpio2_run3	run_3	01-078_22012026	NA	01-078	biopsy	NA	NA	2026-01-22	2026-07-31	2026-07-31	library_date_proxy	3.0	c	N701	S520	58	NA	NA	61	NA	01-078	data/raw_data/01-078_R1.fastq.gz	data/raw_data/01-078_R2.fastq.gz
carpio2_run3__01-079__2026-01-22__2026-07-31	carpio2_run3	run_3	01-079_22012026	NA	01-079	biopsy	NA	NA	2026-01-22	2026-07-31	2026-07-31	library_date_proxy	3.0	c	N702	S520	35.6	NA	NA	53.8	NA	01-079	data/raw_data/01-079_R1.fastq.gz	data/raw_data/01-079_R2.fastq.gz
carpio2_run3__01-080__2026-01-22__2026-07-31	carpio2_run3	run_3	01-080_22012026	NA	01-080	biopsy	NA	NA	2026-01-22	2026-07-31	2026-07-31	library_date_proxy	3.0	c	N703	S520	61.4	NA	NA	61.3	NA	01-080	data/raw_data/01-080_R1.fastq.gz	data/raw_data/01-080_R2.fastq.gz
carpio2_run3__01-081__2026-01-22__2026-07-31	carpio2_run3	run_3	01-081_22012026	NA	01-081	biopsy	NA	NA	2026-01-22	2026-07-31	2026-07-31	library_date_proxy	3.0	c	N704	S520	76.6	10.1	540	69.7	NA	01-081	data/raw_data/01-081_R1.fastq.gz	data/raw_data/01-081_R2.fastq.gz
carpio2_run3__01-082__2026-01-22__2026-07-31	carpio2_run3	run_3	01-082_22012026	NA	01-082	biopsy	NA	NA	2026-01-22	2026-07-31	2026-07-31	library_date_proxy	3.0	c	N705	S520	71.4	NA	NA	72.8	NA	01-082	data/raw_data/01-082_R1.fastq.gz	data/raw_data/01-082_R2.fastq.gz
carpio2_run3__01-084__2026-01-22__2026-07-31	carpio2_run3	run_3	01-084_22012026	NA	01-084	biopsy	NA	NA	2026-01-22	2026-07-31	2026-07-31	library_date_proxy	3.0	c	N706	S520	78.8	NA	NA	74.7	NA	01-084	data/raw_data/01-084_R1.fastq.gz	data/raw_data/01-084_R2.fastq.gz
carpio2_run3__01-085__2026-01-22__2026-07-31	carpio2_run3	run_3	01-085_22012026	NA	01-085	biopsy	NA	NA	2026-01-22	2026-07-31	2026-07-31	library_date_proxy	3.0	c	N707	S520	88.6	NA	NA	69.9	602	01-085	data/raw_data/01-085_R1.fastq.gz	data/raw_data/01-085_R2.fastq.gz
carpio2_run3__01-086__2026-01-22__2026-07-31	carpio2_run3	run_3	01-086_22012026	NA	01-086	biopsy	NA	NA	2026-01-22	2026-07-31	2026-07-31	library_date_proxy	3.0	c	N710	S520	84.7	NA	NA	63.6	NA	01-086	data/raw_data/01-086_R1.fastq.gz	data/raw_data/01-086_R2.fastq.gz
carpio2_run3__01-087__2026-01-22__2026-07-31	carpio2_run3	run_3	01-087_22012026	NA	01-087	biopsy	NA	NA	2026-01-22	2026-07-31	2026-07-31	library_date_proxy	3.0	c	N711	S520	83.6	NA	NA	76	NA	01-087	data/raw_data/01-087_R1.fastq.gz	data/raw_data/01-087_R2.fastq.gz
carpio2_run3__01-088__2026-01-22__2026-07-31	carpio2_run3	run_3	01-088_22012026	NA	01-088	biopsy	NA	NA	2026-01-22	2026-07-31	2026-07-31	library_date_proxy	3.0	c	N712	S520	75.2	NA	NA	84.5	NA	01-088	data/raw_data/01-088_R1.fastq.gz	data/raw_data/01-088_R2.fastq.gz
carpio2_run3__01-089__2026-01-22__2026-07-31	carpio2_run3	run_3	01-089_22012026	NA	01-089	biopsy	NA	NA	2026-01-22	2026-07-31	2026-07-31	library_date_proxy	3.0	c	N714	S520	72.7	NA	NA	74.8	NA	01-089	data/raw_data/01-089_R1.fastq.gz	data/raw_data/01-089_R2.fastq.gz
carpio2_run3__01-090__2026-01-22__2026-07-31	carpio2_run3	run_3	01-090_22012026	NA	01-090	biopsy	NA	NA	2026-01-22	2026-07-31	2026-07-31	library_date_proxy	3.0	c	N715	S520	69.5	NA	NA	76.7	NA	01-090	data/raw_data/01-090_R1.fastq.gz	data/raw_data/01-090_R2.fastq.gz
carpio2_run3__01-091__2026-01-22__2026-07-31	carpio2_run3	run_3	01-091_22012026	NA	01-091	biopsy	NA	NA	2026-01-22	2026-07-31	2026-07-31	library_date_proxy	3.0	c	N701	S521	60.5	NA	NA	76.9	NA	01-091	data/raw_data/01-091_R1.fastq.gz	data/raw_data/01-091_R2.fastq.gz
carpio2_run3__01-092__2026-01-22__2026-07-31	carpio2_run3	run_3	01-092_22012026	NA	01-092	biopsy	NA	NA	2026-01-22	2026-07-31	2026-07-31	library_date_proxy	3.0	c	N702	S521	58.1	NA	NA	68.3	NA	01-092	data/raw_data/01-092_R1.fastq.gz	data/raw_data/01-092_R2.fastq.gz
carpio2_run3__01-093__2026-01-22__2026-07-31	carpio2_run3	run_3	01-093_22012026	NA	01-093	biopsy	NA	NA	2026-01-22	2026-07-31	2026-07-31	library_date_proxy	3.0	c	N703	S521	62.7	NA	NA	74.4	NA	01-093	data/raw_data/01-093_R1.fastq.gz	data/raw_data/01-093_R2.fastq.gz
carpio2_run3__01-094__2026-01-22__2026-07-31	carpio2_run3	run_3	01-094_22012026	NA	01-094	biopsy	NA	NA	2026-01-22	2026-07-31	2026-07-31	library_date_proxy	3.0	c	N704	S521	58.8	13.6	546	76.4	NA	01-094	data/raw_data/01-094_R1.fastq.gz	data/raw_data/01-094_R2.fastq.gz
carpio2_run3__01-095__2026-01-22__2026-07-31	carpio2_run3	run_3	01-095_22012026	NA	01-095	biopsy	NA	NA	2026-01-22	2026-07-31	2026-07-31	library_date_proxy	3.0	c	N705	S521	65.5	NA	NA	84.4	NA	01-095	data/raw_data/01-095_R1.fastq.gz	data/raw_data/01-095_R2.fastq.gz
carpio2_run3__01-096__2026-01-22__2026-07-31	carpio2_run3	run_3	01-096_22012026	NA	01-096	biopsy	NA	NA	2026-01-22	2026-07-31	2026-07-31	library_date_proxy	3.0	c	N706	S521	70.7	NA	NA	79.9	605	01-096	data/raw_data/01-096_R1.fastq.gz	data/raw_data/01-096_R2.fastq.gz
carpio2_run3__01-097__2026-01-22__2026-08-04	carpio2_run3	run_3	01-097_22012026	NA	01-097	biopsy	NA	NA	2026-01-22	2026-08-04	2026-08-04	library_date_proxy	3.0	c	N707	S521	73.9	8.43	535	71	NA	01-097	data/raw_data/01-097_R1.fastq.gz	data/raw_data/01-097_R2.fastq.gz
carpio2_run3__01-098__2026-01-22__2026-08-04	carpio2_run3	run_3	01-098_22012026	NA	01-098	biopsy	NA	NA	2026-01-22	2026-08-04	2026-08-04	library_date_proxy	3.0	c	N710	S521	86.2	NA	NA	56.6	NA	01-098	data/raw_data/01-098_R1.fastq.gz	data/raw_data/01-098_R2.fastq.gz
carpio2_run3__01-099__2026-01-22__2026-08-04	carpio2_run3	run_3	01-099_22012026	NA	01-099	biopsy	NA	NA	2026-01-22	2026-08-04	2026-08-04	library_date_proxy	3.0	c	N711	S521	77.6	NA	NA	69.2	NA	01-099	data/raw_data/01-099_R1.fastq.gz	data/raw_data/01-099_R2.fastq.gz
carpio2_run3__01-100__2026-01-22__2026-08-04	carpio2_run3	run_3	01-100_22012026	NA	01-100	biopsy	NA	NA	2026-01-22	2026-08-04	2026-08-04	library_date_proxy	3.0	c	N712	S521	85.5	NA	NA	73	NA	01-100	data/raw_data/01-100_R1.fastq.gz	data/raw_data/01-100_R2.fastq.gz
carpio2_run3__01-101__2026-01-22__2026-08-04	carpio2_run3	run_3	01-101_22012026	NA	01-101	biopsy	NA	NA	2026-01-22	2026-08-04	2026-08-04	library_date_proxy	3.0	c	N714	S521	80.6	NA	NA	69.5	NA	01-101	data/raw_data/01-101_R1.fastq.gz	data/raw_data/01-101_R2.fastq.gz
carpio2_run3__01-102__2026-01-22__2026-08-04	carpio2_run3	run_3	01-102_22012026	NA	01-102	biopsy	NA	NA	2026-01-22	2026-08-04	2026-08-04	library_date_proxy	3.0	c	N715	S521	34.9	NA	NA	68	612	01-102	data/raw_data/01-102_R1.fastq.gz	data/raw_data/01-102_R2.fastq.gz
carpio2_run3__01-103__2026-01-22__2026-08-04	carpio2_run3	run_3	01-103_22012026	NA	01-103	biopsy	NA	NA	2026-01-22	2026-08-04	2026-08-04	library_date_proxy	3.0	c	N701	S522	76.2	NA	NA	63.1	NA	01-103	data/raw_data/01-103_R1.fastq.gz	data/raw_data/01-103_R2.fastq.gz
carpio2_run3__01-104__2026-01-22__2026-08-04	carpio2_run3	run_3	01-104_22012026	NA	01-104	biopsy	NA	NA	2026-01-22	2026-08-04	2026-08-04	library_date_proxy	3.0	c	N702	S522	74.1	NA	NA	62	NA	01-104	data/raw_data/01-104_R1.fastq.gz	data/raw_data/01-104_R2.fastq.gz
carpio2_run3__01-105__2026-01-22__2026-08-04	carpio2_run3	run_3	01-105_22012026	NA	01-105	biopsy	NA	NA	2026-01-22	2026-08-04	2026-08-04	library_date_proxy	3.0	c	N703	S522	71	NA	NA	88.4	NA	01-105	data/raw_data/01-105_R1.fastq.gz	data/raw_data/01-105_R2.fastq.gz
carpio2_run3__01-106__2026-01-22__2026-08-04	carpio2_run3	run_3	01-106_22012026	NA	01-106	biopsy	NA	NA	2026-01-22	2026-08-04	2026-08-04	library_date_proxy	3.0	c	N705	S522	63.4	NA	NA	73.1	602	01-106	data/raw_data/01-106_R1.fastq.gz	data/raw_data/01-106_R2.fastq.gz
carpio2_run3__01-107__2026-01-26__2026-08-04	carpio2_run3	run_3	01-107_26012026	NA	01-107	biopsy	NA	NA	2026-01-26	2026-08-04	2026-08-04	library_date_proxy	3.0	b	N722	S508	70	NA	NA	79.9	NA	01-107	data/raw_data/01-107_R1.fastq.gz	data/raw_data/01-107_R2.fastq.gz
carpio2_run3__01-108__2026-01-22__2026-08-04	carpio2_run3	run_3	01-108_22012026	NA	01-108	biopsy	NA	NA	2026-01-22	2026-08-04	2026-08-04	library_date_proxy	3.0	c	N706	S522	72	NA	NA	83.1	NA	01-108	data/raw_data/01-108_R1.fastq.gz	data/raw_data/01-108_R2.fastq.gz
carpio2_run3__01-109__2026-01-22__2026-08-04	carpio2_run3	run_3	01-109_22012026	NA	01-109	biopsy	NA	NA	2026-01-22	2026-08-04	2026-08-04	library_date_proxy	3.0	c	N707	S522	66.1	NA	NA	79.3	NA	01-109	data/raw_data/01-109_R1.fastq.gz	data/raw_data/01-109_R2.fastq.gz
carpio2_run3__01-110__2026-01-22__2026-08-04	carpio2_run3	run_3	01-110_22012026	NA	01-110	biopsy	NA	NA	2026-01-22	2026-08-04	2026-08-04	library_date_proxy	3.0	c	N710	S522	70.8	NA	NA	67.5	NA	01-110	data/raw_data/01-110_R1.fastq.gz	data/raw_data/01-110_R2.fastq.gz
carpio2_run3__01-111__2026-01-22__2026-08-04	carpio2_run3	run_3	01-111_22012026	NA	01-111	biopsy	NA	NA	2026-01-22	2026-08-04	2026-08-04	library_date_proxy	3.0	c	N711	S522	76.5	NA	NA	77.6	NA	01-111	data/raw_data/01-111_R1.fastq.gz	data/raw_data/01-111_R2.fastq.gz
carpio2_run3__01-112__2026-01-22__2026-08-04	carpio2_run3	run_3	01-112_22012026	NA	01-112	biopsy	NA	NA	2026-01-22	2026-08-04	2026-08-04	library_date_proxy	3.0	c	N712	S522	73	15.5	534	82.8	NA	01-112	data/raw_data/01-112_R1.fastq.gz	data/raw_data/01-112_R2.fastq.gz
carpio2_run3__01-114__2026-01-22__2026-08-04	carpio2_run3	run_3	01-114_22012026	NA	01-114	biopsy	NA	NA	2026-01-22	2026-08-04	2026-08-04	library_date_proxy	3.0	c	N714	S522	70.5	NA	NA	8.17	NA	01-114	data/raw_data/01-114_R1.fastq.gz	data/raw_data/01-114_R2.fastq.gz
carpio2_run3__01-115__2026-01-22__2026-08-04	carpio2_run3	run_3	01-115_22012026	NA	01-115	biopsy	NA	NA	2026-01-22	2026-08-04	2026-08-04	library_date_proxy	3.0	c	N715	S522	72.7	14.3	539	82.4	NA	01-115	data/raw_data/01-115_R1.fastq.gz	data/raw_data/01-115_R2.fastq.gz
carpio2_run3__01-116__2026-01-22__2026-08-04	carpio2_run3	run_3	01-116_22012026	NA	01-116	biopsy	NA	NA	2026-01-22	2026-08-04	2026-08-04	library_date_proxy	3.0	b	N716	S502	60.6	NA	NA	76.2	NA	01-116	data/raw_data/01-116_R1.fastq.gz	data/raw_data/01-116_R2.fastq.gz
carpio2_run3__01-117__2026-01-22__2026-08-04	carpio2_run3	run_3	01-117_22012026	NA	01-117	biopsy	NA	NA	2026-01-22	2026-08-04	2026-08-04	library_date_proxy	3.0	b	N718	S502	62.8	NA	NA	60.6	NA	01-117	data/raw_data/01-117_R1.fastq.gz	data/raw_data/01-117_R2.fastq.gz
carpio2_run3__01-118__2026-01-22__2026-08-04	carpio2_run3	run_3	01-118_22012026	NA	01-118	biopsy	NA	NA	2026-01-22	2026-08-04	2026-08-04	library_date_proxy	3.0	b	N719	S502	62.1	NA	NA	76.5	NA	01-118	data/raw_data/01-118_R1.fastq.gz	data/raw_data/01-118_R2.fastq.gz
carpio2_run3__01-119__2026-01-22__2026-08-04	carpio2_run3	run_3	01-119_22012026	NA	01-119	biopsy	NA	NA	2026-01-22	2026-08-04	2026-08-04	library_date_proxy	3.0	b	N720	S502	29.1	NA	NA	75.8	NA	01-119	data/raw_data/01-119_R1.fastq.gz	data/raw_data/01-119_R2.fastq.gz
carpio2_run3__01-121__2026-01-22__2026-08-04	carpio2_run3	run_3	01-121_22012026	NA	01-121	biopsy	NA	NA	2026-01-22	2026-08-04	2026-08-04	library_date_proxy	3.0	b	N721	S502	62.1	NA	NA	66.8	604	01-121	data/raw_data/01-121_R1.fastq.gz	data/raw_data/01-121_R2.fastq.gz
carpio2_run3__01-122__2026-01-22__2026-08-04	carpio2_run3	run_3	01-122_22012026	NA	01-122	biopsy	NA	NA	2026-01-22	2026-08-04	2026-08-04	library_date_proxy	3.0	b	N722	S502	58.8	NA	NA	75.4	NA	01-122	data/raw_data/01-122_R1.fastq.gz	data/raw_data/01-122_R2.fastq.gz
carpio2_run3__01-123__2026-01-26__2026-08-06	carpio2_run3	run_3	01-123_26012026	NA	01-123	biopsy	NA	NA	2026-01-26	2026-08-06	2026-08-06	library_date_proxy	3.0	b	N723	S502	56.8	NA	NA	65.9	NA	01-123	data/raw_data/01-123_R1.fastq.gz	data/raw_data/01-123_R2.fastq.gz
carpio2_run3__01-124__2026-01-26__2026-08-06	carpio2_run3	run_3	01-124_26012026	NA	01-124	biopsy	NA	NA	2026-01-26	2026-08-06	2026-08-06	library_date_proxy	3.0	b	N724	S502	62.5	NA	NA	67.6	600	01-124	data/raw_data/01-124_R1.fastq.gz	data/raw_data/01-124_R2.fastq.gz
carpio2_run3__01-125__2026-01-26__2026-08-06	carpio2_run3	run_3	01-125_26012026	NA	01-125	biopsy	NA	NA	2026-01-26	2026-08-06	2026-08-06	library_date_proxy	3.0	b	N726	S502	66.8	NA	NA	61.2	NA	01-125	data/raw_data/01-125_R1.fastq.gz	data/raw_data/01-125_R2.fastq.gz
carpio2_run3__01-126__2026-01-26__2026-08-11	carpio2_run3	run_3	01-126_26012026	NA	01-126	biopsy	NA	NA	2026-01-26	2026-08-11	2026-08-11	library_date_proxy	3.0	b	N727	S502	63.3	NA	NA	79.6	NA	01-126	data/raw_data/01-126_R1.fastq.gz	data/raw_data/01-126_R2.fastq.gz
carpio2_run3__01-127__2026-01-26__2026-08-06	carpio2_run3	run_3	01-127_26012026	NA	01-127	biopsy	NA	NA	2026-01-26	2026-08-06	2026-08-06	library_date_proxy	3.0	b	N728	S502	65.4	NA	NA	65.4	NA	01-127	data/raw_data/01-127_R1.fastq.gz	data/raw_data/01-127_R2.fastq.gz
carpio2_run3__01-128__2026-01-26__2026-08-06	carpio2_run3	run_3	01-128_26012026	NA	01-128	biopsy	NA	NA	2026-01-26	2026-08-06	2026-08-06	library_date_proxy	3.0	b	N729	S502	59.4	10.3	543	66.2	NA	01-128	data/raw_data/01-128_R1.fastq.gz	data/raw_data/01-128_R2.fastq.gz
carpio2_run3__01-129__2026-01-26__2026-08-06	carpio2_run3	run_3	01-129_26012026	NA	01-129	biopsy	NA	NA	2026-01-26	2026-08-06	2026-08-06	library_date_proxy	3.0	b	N716	S503	65.7	NA	NA	72.9	NA	01-129	data/raw_data/01-129_R1.fastq.gz	data/raw_data/01-129_R2.fastq.gz
carpio2_run3__01-130__2026-01-26__2026-08-06	carpio2_run3	run_3	01-130_26012026	NA	01-130	biopsy	NA	NA	2026-01-26	2026-08-06	2026-08-06	library_date_proxy	3.0	b	N718	S503	65.1	NA	NA	65.7	NA	01-130	data/raw_data/01-130_R1.fastq.gz	data/raw_data/01-130_R2.fastq.gz
carpio2_run3__01-131__2026-01-26__2026-08-06	carpio2_run3	run_3	01-131_26012026	NA	01-131	biopsy	NA	NA	2026-01-26	2026-08-06	2026-08-06	library_date_proxy	3.0	b	N719	S503	60.3	NA	NA	84.2	NA	01-131	data/raw_data/01-131_R1.fastq.gz	data/raw_data/01-131_R2.fastq.gz
carpio2_run3__01-132__2026-01-26__2026-08-06	carpio2_run3	run_3	01-132_26012026	NA	01-132	biopsy	NA	NA	2026-01-26	2026-08-06	2026-08-06	library_date_proxy	3.0	b	N720	S503	70.6	11.9	545	67.4	NA	01-132	data/raw_data/01-132_R1.fastq.gz	data/raw_data/01-132_R2.fastq.gz
carpio2_run3__01-133__2026-01-26__2026-08-06	carpio2_run3	run_3	01-133_26012026	NA	01-133	biopsy	NA	NA	2026-01-26	2026-08-06	2026-08-06	library_date_proxy	3.0	b	N721	S503	68.7	NA	NA	72.5	NA	01-133	data/raw_data/01-133_R1.fastq.gz	data/raw_data/01-133_R2.fastq.gz
carpio2_run3__01-134__2026-01-26__2026-08-06	carpio2_run3	run_3	01-134_26012026	NA	01-134	biopsy	NA	NA	2026-01-26	2026-08-06	2026-08-06	library_date_proxy	3.0	b	N722	S503	68.7	NA	NA	73.4	NA	01-134	data/raw_data/01-134_R1.fastq.gz	data/raw_data/01-134_R2.fastq.gz
carpio2_run3__01-135__2026-01-26__2026-08-06	carpio2_run3	run_3	01-135_26012026	NA	01-135	biopsy	NA	NA	2026-01-26	2026-08-06	2026-08-06	library_date_proxy	3.0	b	N723	S503	64	NA	NA	77.6	NA	01-135	data/raw_data/01-135_R1.fastq.gz	data/raw_data/01-135_R2.fastq.gz
carpio2_run3__01-136__2026-01-26__2026-08-06	carpio2_run3	run_3	01-136_26012026	NA	01-136	biopsy	NA	NA	2026-01-26	2026-08-06	2026-08-06	library_date_proxy	3.0	b	N724	S503	66.2	NA	NA	70.8	NA	01-136	data/raw_data/01-136_R1.fastq.gz	data/raw_data/01-136_R2.fastq.gz
carpio2_run3__01-137__2026-01-26__2026-08-06	carpio2_run3	run_3	01-137_26012026	NA	01-137	biopsy	NA	NA	2026-01-26	2026-08-06	2026-08-06	library_date_proxy	3.0	b	N726	S503	70.2	NA	NA	73.4	599	01-137	data/raw_data/01-137_R1.fastq.gz	data/raw_data/01-137_R2.fastq.gz
carpio2_run3__01-138__2026-01-26__2026-08-06	carpio2_run3	run_3	01-138_26012026	NA	01-138	biopsy	NA	NA	2026-01-26	2026-08-06	2026-08-06	library_date_proxy	3.0	b	N727	S503	74.1	NA	NA	81.8	NA	01-138	data/raw_data/01-138_R1.fastq.gz	data/raw_data/01-138_R2.fastq.gz
carpio2_run3__01-140__2026-01-26__2026-08-06	carpio2_run3	run_3	01-140_26012026	NA	01-140	biopsy	NA	NA	2026-01-26	2026-08-06	2026-08-06	library_date_proxy	3.0	b	N728	S503	63.1	NA	NA	81.4	NA	01-140	data/raw_data/01-140_R1.fastq.gz	data/raw_data/01-140_R2.fastq.gz
carpio2_run3__01-142__2026-01-26__2026-08-06	carpio2_run3	run_3	01-142_26012026	NA	01-142	biopsy	NA	NA	2026-01-26	2026-08-06	2026-08-06	library_date_proxy	3.0	b	N729	S503	69.5	NA	NA	81.4	NA	01-142	data/raw_data/01-142_R1.fastq.gz	data/raw_data/01-142_R2.fastq.gz
carpio2_run3__01-143__2026-01-26__2026-08-06	carpio2_run3	run_3	01-143_26012026	NA	01-143	biopsy	NA	NA	2026-01-26	2026-08-06	2026-08-06	library_date_proxy	3.0	b	N716	S505	66.9	NA	NA	73.2	598	01-143	data/raw_data/01-143_R1.fastq.gz	data/raw_data/01-143_R2.fastq.gz
carpio2_run3__01-144__2026-01-26__2026-08-06	carpio2_run3	run_3	01-144_26012026	NA	01-144	biopsy	NA	NA	2026-01-26	2026-08-06	2026-08-06	library_date_proxy	3.0	b	N718	S505	68	NA	NA	73.6	NA	01-144	data/raw_data/01-144_R1.fastq.gz	data/raw_data/01-144_R2.fastq.gz
carpio2_run3__01-145__2026-01-26__2026-08-06	carpio2_run3	run_3	01-145_26012026	NA	01-145	biopsy	NA	NA	2026-01-26	2026-08-06	2026-08-06	library_date_proxy	3.0	b	N719	S505	68.1	14.3	530	79.9	NA	01-145	data/raw_data/01-145_R1.fastq.gz	data/raw_data/01-145_R2.fastq.gz
carpio2_run3__01-146__2026-01-26__2026-08-06	carpio2_run3	run_3	01-146_26012026	NA	01-146	biopsy	NA	NA	2026-01-26	2026-08-06	2026-08-06	library_date_proxy	3.0	b	N720	S505	67.6	NA	NA	69.8	NA	01-146	data/raw_data/01-146_R1.fastq.gz	data/raw_data/01-146_R2.fastq.gz
carpio2_run3__01-147__2026-01-26__2026-08-06	carpio2_run3	run_3	01-147_26012026	NA	01-147	biopsy	NA	NA	2026-01-26	2026-08-06	2026-08-06	library_date_proxy	3.0	b	N721	S505	72.4	NA	NA	73.5	NA	01-147	data/raw_data/01-147_R1.fastq.gz	data/raw_data/01-147_R2.fastq.gz
carpio2_run3__01-148__2026-01-26__2026-08-06	carpio2_run3	run_3	01-148_26012026	NA	01-148	biopsy	NA	NA	2026-01-26	2026-08-06	2026-08-06	library_date_proxy	3.0	b	N722	S505	51.2	NA	NA	74.6	NA	01-148	data/raw_data/01-148_R1.fastq.gz	data/raw_data/01-148_R2.fastq.gz
carpio2_run3__01-149__2026-01-26__2026-08-07	carpio2_run3	run_3	01-149_26012026	NA	01-149	biopsy	NA	NA	2026-01-26	2026-08-07	2026-08-07	library_date_proxy	3.0	b	N723	S505	63.6	6.15	5.75	53.1	NA	01-149	data/raw_data/01-149_R1.fastq.gz	data/raw_data/01-149_R2.fastq.gz
carpio2_run3__01-150__2026-01-26__2026-08-07	carpio2_run3	run_3	01-150_26012026	NA	01-150	biopsy	NA	NA	2026-01-26	2026-08-07	2026-08-07	library_date_proxy	3.0	b	N724	S505	73.6	NA	NA	59.8	NA	01-150	data/raw_data/01-150_R1.fastq.gz	data/raw_data/01-150_R2.fastq.gz
carpio2_run3__01-151__2026-01-26__2026-08-07	carpio2_run3	run_3	01-151_26012026	NA	01-151	biopsy	NA	NA	2026-01-26	2026-08-07	2026-08-07	library_date_proxy	3.0	b	N726	S505	53.9	NA	NA	63.8	NA	01-151	data/raw_data/01-151_R1.fastq.gz	data/raw_data/01-151_R2.fastq.gz
carpio2_run3__01-152__2026-01-26__2026-08-07	carpio2_run3	run_3	01-152_26012026	NA	01-152	biopsy	NA	NA	2026-01-26	2026-08-07	2026-08-07	library_date_proxy	3.0	b	N727	S505	71	NA	NA	72.5	NA	01-152	data/raw_data/01-152_R1.fastq.gz	data/raw_data/01-152_R2.fastq.gz
carpio2_run3__01-153__2026-01-26__2026-08-07	carpio2_run3	run_3	01-153_26012026	NA	01-153	biopsy	NA	NA	2026-01-26	2026-08-07	2026-08-07	library_date_proxy	3.0	b	N728	S505	70.6	NA	NA	64.8	NA	01-153	data/raw_data/01-153_R1.fastq.gz	data/raw_data/01-153_R2.fastq.gz
carpio2_run3__01-154__2026-01-26__2026-08-07	carpio2_run3	run_3	01-154_26012026	NA	01-154	biopsy	NA	NA	2026-01-26	2026-08-07	2026-08-07	library_date_proxy	3.0	b	N729	S505	79.9	NA	NA	69.7	NA	01-154	data/raw_data/01-154_R1.fastq.gz	data/raw_data/01-154_R2.fastq.gz
carpio2_run3__01-155__2026-01-26__2026-08-07	carpio2_run3	run_3	01-155_26012026	NA	01-155	biopsy	NA	NA	2026-01-26	2026-08-07	2026-08-07	library_date_proxy	3.0	b	N716	S506	72.2	NA	NA	67.9	NA	01-155	data/raw_data/01-155_R1.fastq.gz	data/raw_data/01-155_R2.fastq.gz
carpio2_run3__01-156__2026-01-26__2026-08-07	carpio2_run3	run_3	01-156_26012026	NA	01-156	biopsy	NA	NA	2026-01-26	2026-08-07	2026-08-07	library_date_proxy	3.0	b	N718	S506	49.1	NA	NA	57.8	606	01-156	data/raw_data/01-156_R1.fastq.gz	data/raw_data/01-156_R2.fastq.gz
carpio2_run3__01-157__2026-01-26__2026-08-07	carpio2_run3	run_3	01-157_26012026	NA	01-157	biopsy	NA	NA	2026-01-26	2026-08-07	2026-08-07	library_date_proxy	3.0	b	N719	S506	44.7	NA	NA	82.1	NA	01-157	data/raw_data/01-157_R1.fastq.gz	data/raw_data/01-157_R2.fastq.gz
carpio2_run3__01-158__2026-01-26__2026-08-07	carpio2_run3	run_3	01-158_26012026	NA	01-158	biopsy	NA	NA	2026-01-26	2026-08-07	2026-08-07	library_date_proxy	3.0	b	N720	S506	47.3	NA	NA	76.5	NA	01-158	data/raw_data/01-158_R1.fastq.gz	data/raw_data/01-158_R2.fastq.gz
carpio2_run3__01-159__2026-01-26__2026-08-07	carpio2_run3	run_3	01-159_26012026	NA	01-159	biopsy	NA	NA	2026-01-26	2026-08-07	2026-08-07	library_date_proxy	3.0	b	N721	S506	39	NA	NA	74.1	NA	01-159	data/raw_data/01-159_R1.fastq.gz	data/raw_data/01-159_R2.fastq.gz
carpio2_run3__01-160__2026-01-26__2026-08-07	carpio2_run3	run_3	01-160_26012026	NA	01-160	biopsy	NA	NA	2026-01-26	2026-08-07	2026-08-07	library_date_proxy	3.0	b	N722	S506	40.4	NA	NA	92.9	NA	01-160	data/raw_data/01-160_R1.fastq.gz	data/raw_data/01-160_R2.fastq.gz
carpio2_run3__01-161__2026-01-26__2026-08-07	carpio2_run3	run_3	01-161_26012026	NA	01-161	biopsy	NA	NA	2026-01-26	2026-08-07	2026-08-07	library_date_proxy	3.0	b	N723	S506	41.9	8.14	580	65.2	NA	01-161	data/raw_data/01-161_R1.fastq.gz	data/raw_data/01-161_R2.fastq.gz
carpio2_run3__01-162__2026-01-26__2026-08-07	carpio2_run3	run_3	01-162_26012026	NA	01-162	biopsy	NA	NA	2026-01-26	2026-08-07	2026-08-07	library_date_proxy	3.0	b	N724	S506	44.5	NA	NA	80.5	NA	01-162	data/raw_data/01-162_R1.fastq.gz	data/raw_data/01-162_R2.fastq.gz
carpio2_run3__01-163__2026-01-26__2026-08-07	carpio2_run3	run_3	01-163_26012026	NA	01-163	biopsy	NA	NA	2026-01-26	2026-08-07	2026-08-07	library_date_proxy	3.0	b	N726	S506	44.3	NA	NA	88.3	NA	01-163	data/raw_data/01-163_R1.fastq.gz	data/raw_data/01-163_R2.fastq.gz
carpio2_run3__01-164__2026-01-26__2026-08-07	carpio2_run3	run_3	01-164_26012026	NA	01-164	biopsy	NA	NA	2026-01-26	2026-08-07	2026-08-07	library_date_proxy	3.0	b	N727	S506	72.8	NA	NA	75.4	597	01-164	data/raw_data/01-164_R1.fastq.gz	data/raw_data/01-164_R2.fastq.gz
carpio2_run3__01-165__2026-01-26__2026-08-07	carpio2_run3	run_3	01-165_26012026	NA	01-165	biopsy	NA	NA	2026-01-26	2026-08-07	2026-08-07	library_date_proxy	3.0	b	N728	S506	72.5	NA	NA	89.1	NA	01-165	data/raw_data/01-165_R1.fastq.gz	data/raw_data/01-165_R2.fastq.gz
carpio2_run3__01-166__2026-01-26__2026-08-07	carpio2_run3	run_3	01-166_26012026	NA	01-166	biopsy	NA	NA	2026-01-26	2026-08-07	2026-08-07	library_date_proxy	3.0	b	N729	S506	73.9	NA	NA	87.1	NA	01-166	data/raw_data/01-166_R1.fastq.gz	data/raw_data/01-166_R2.fastq.gz
carpio2_run3__01-167__2026-01-26__2026-08-07	carpio2_run3	run_3	01-167_26012026	NA	01-167	biopsy	NA	NA	2026-01-26	2026-08-07	2026-08-07	library_date_proxy	3.0	b	N716	S507	76.2	NA	NA	79	NA	01-167	data/raw_data/01-167_R1.fastq.gz	data/raw_data/01-167_R2.fastq.gz
carpio2_run3__01-168__2026-01-26__2026-08-07	carpio2_run3	run_3	01-168_26012026	NA	01-168	biopsy	NA	NA	2026-01-26	2026-08-07	2026-08-07	library_date_proxy	3.0	b	N718	S507	74.7	NA	NA	76.9	615	01-168	data/raw_data/01-168_R1.fastq.gz	data/raw_data/01-168_R2.fastq.gz
carpio2_run3__01-169__2026-01-26__2026-08-07	carpio2_run3	run_3	01-169_26012026	NA	01-169	biopsy	NA	NA	2026-01-26	2026-08-07	2026-08-07	library_date_proxy	3.0	b	N719	S507	70.2	NA	NA	78.7	NA	01-169	data/raw_data/01-169_R1.fastq.gz	data/raw_data/01-169_R2.fastq.gz
carpio2_run3__01-170__2026-01-26__2026-08-07	carpio2_run3	run_3	01-170_26012026	NA	01-170	biopsy	NA	NA	2026-01-26	2026-08-07	2026-08-07	library_date_proxy	3.0	b	N720	S507	71.1	NA	NA	83	NA	01-170	data/raw_data/01-170_R1.fastq.gz	data/raw_data/01-170_R2.fastq.gz
carpio2_run3__01-172__2026-01-26__2026-08-07	carpio2_run3	run_3	01-172_26012026	NA	01-172	biopsy	NA	NA	2026-01-26	2026-08-07	2026-08-07	library_date_proxy	3.0	b	N721	S507	70	14.2	534	78.1	NA	01-172	data/raw_data/01-172_R1.fastq.gz	data/raw_data/01-172_R2.fastq.gz
carpio2_run3__01-174__2026-01-26__2026-08-07	carpio2_run3	run_3	01-174_26012026	NA	01-174	biopsy	NA	NA	2026-01-26	2026-08-07	2026-08-07	library_date_proxy	3.0	b	N722	S507	44.7	NA	NA	83.7	NA	01-174	data/raw_data/01-174_R1.fastq.gz	data/raw_data/01-174_R2.fastq.gz
carpio2_run3__01-175__2026-01-26__2026-08-11	carpio2_run3	run_3	01-175_26012026	NA	01-175	biopsy	NA	NA	2026-01-26	2026-08-11	2026-08-11	library_date_proxy	3.0	b	N723	S507	47.1	NA	NA	73.3	NA	01-175	data/raw_data/01-175_R1.fastq.gz	data/raw_data/01-175_R2.fastq.gz
carpio2_run3__01-177__2026-01-26__2026-08-11	carpio2_run3	run_3	01-177_26012026	NA	01-177	biopsy	NA	NA	2026-01-26	2026-08-11	2026-08-11	library_date_proxy	3.0	b	N724	S507	44.1	NA	NA	59.9	NA	01-177	data/raw_data/01-177_R1.fastq.gz	data/raw_data/01-177_R2.fastq.gz
carpio2_run3__01-178__2026-01-26__2026-08-11	carpio2_run3	run_3	01-178_26012026	NA	01-178	biopsy	NA	NA	2026-01-26	2026-08-11	2026-08-11	library_date_proxy	3.0	b	N726	S507	38.8	NA	NA	64.5	598	01-178	data/raw_data/01-178_R1.fastq.gz	data/raw_data/01-178_R2.fastq.gz
carpio2_run3__01-179__2026-01-26__2026-08-11	carpio2_run3	run_3	01-179_26012026	NA	01-179	biopsy	NA	NA	2026-01-26	2026-08-11	2026-08-11	library_date_proxy	3.0	b	N727	S507	47.9	NA	NA	63.9	NA	01-179	data/raw_data/01-179_R1.fastq.gz	data/raw_data/01-179_R2.fastq.gz
carpio2_run3__01-180__2026-01-26__2026-08-11	carpio2_run3	run_3	01-180_26012026	NA	01-180	biopsy	NA	NA	2026-01-26	2026-08-11	2026-08-11	library_date_proxy	3.0	b	N728	S507	40.5	NA	NA	64.1	NA	01-180	data/raw_data/01-180_R1.fastq.gz	data/raw_data/01-180_R2.fastq.gz
carpio2_run3__01-181__2026-01-26__2026-08-11	carpio2_run3	run_3	01-181_26012026	NA	01-181	biopsy	NA	NA	2026-01-26	2026-08-11	2026-08-11	library_date_proxy	3.0	b	N729	S507	45.2	13.7	539	64.1	NA	01-181	data/raw_data/01-181_R1.fastq.gz	data/raw_data/01-181_R2.fastq.gz
carpio2_run3__01-182__2026-01-26__2026-08-11	carpio2_run3	run_3	01-182_26012026	NA	01-182	biopsy	NA	NA	2026-01-26	2026-08-11	2026-08-11	library_date_proxy	3.0	b	N716	S508	39.1	NA	NA	32	NA	01-182	data/raw_data/01-182_R1.fastq.gz	data/raw_data/01-182_R2.fastq.gz
carpio2_run3__01-183__2026-01-26__2026-08-11	carpio2_run3	run_3	01-183_26012026	NA	01-183	biopsy	NA	NA	2026-01-26	2026-08-11	2026-08-11	library_date_proxy	3.0	b	N718	S508	53.4	NA	NA	9.81	NA	01-183	data/raw_data/01-183_R1.fastq.gz	data/raw_data/01-183_R2.fastq.gz
carpio2_run3__01-184__2026-01-26__2026-08-11	carpio2_run3	run_3	01-184_26012026	NA	01-184	biopsy	NA	NA	2026-01-26	2026-08-11	2026-08-11	library_date_proxy	3.0	b	N719	S508	48.4	NA	NA	78	NA	01-184	data/raw_data/01-184_R1.fastq.gz	data/raw_data/01-184_R2.fastq.gz
carpio2_run3__01-185__2026-01-26__2026-08-11	carpio2_run3	run_3	01-185_26012026	NA	01-185	biopsy	NA	NA	2026-01-26	2026-08-11	2026-08-11	library_date_proxy	3.0	b	N720	S508	48.6	14.3	534	69	NA	01-185	data/raw_data/01-185_R1.fastq.gz	data/raw_data/01-185_R2.fastq.gz
carpio2_run3__01-186__2026-01-26__2026-08-11	carpio2_run3	run_3	01-186_26012026	NA	01-186	biopsy	NA	NA	2026-01-26	2026-08-11	2026-08-11	library_date_proxy	3.0	b	N721	S508	43.8	NA	NA	68.7	598	01-186	data/raw_data/01-186_R1.fastq.gz	data/raw_data/01-186_R2.fastq.gz
carpio2_run3__cneg_batch_1__2026-01-22__2026-08-10	carpio2_run3	run_3	CNegCarpio_22012026	NA	cneg_batch_1	negative_control	batch	NA	2026-01-22	2026-08-10	2026-08-10	library_date_proxy	3.0	c	N704	S516	0.0132	NA	NA	56.3	599	cneg_batch_1	data/raw_data/cneg_batch_1_R1.fastq.gz	data/raw_data/cneg_batch_1_R2.fastq.gz
carpio2_run3__cneg_batch_2__2026-01-26__2026-08-10	carpio2_run3	run_3	CNegCarpio_26012026	NA	cneg_batch_2	negative_control	batch	NA	2026-01-26	2026-08-10	2026-08-10	library_date_proxy	3.0	c	N705	S516	0.000843	NA	NA	64.1	NA	cneg_batch_2	data/raw_data/cneg_batch_2_R1.fastq.gz	data/raw_data/cneg_batch_2_R2.fastq.gz
carpio2_run3__cneg_extr_1__2026-01-30__2026-08-10	carpio2_run3	run_3	CNegCarpioExtr_replica1_30012026	NA	cneg_extr_1	negative_control	extraction	NA	2026-01-30	2026-08-10	2026-08-10	library_date_proxy	3.0	c	N706	S516	0.00624	NA	NA	68.5	NA	cneg_extr_1	data/raw_data/cneg_extr_1_R1.fastq.gz	data/raw_data/cneg_extr_1_R2.fastq.gz
carpio2_run3__cneg_extr_10__2026-01-30__2026-08-10	carpio2_run3	run_3	CNegCarpioExtr_replica10_30012026	NA	cneg_extr_10	negative_control	extraction	NA	2026-01-30	2026-08-10	2026-08-10	library_date_proxy	3.0	c	N703	S517	0.0105	NA	NA	79.7	NA	cneg_extr_10	data/raw_data/cneg_extr_10_R1.fastq.gz	data/raw_data/cneg_extr_10_R2.fastq.gz
carpio2_run3__cneg_extr_2__2026-01-30__2026-08-10	carpio2_run3	run_3	CNegCarpioExtr_replica2_30012026	NA	cneg_extr_2	negative_control	extraction	NA	2026-01-30	2026-08-10	2026-08-10	library_date_proxy	3.0	c	N707	S516	0.0222	5.93	533	61.9	NA	cneg_extr_2	data/raw_data/cneg_extr_2_R1.fastq.gz	data/raw_data/cneg_extr_2_R2.fastq.gz
carpio2_run3__cneg_extr_3__2026-01-30__2026-08-10	carpio2_run3	run_3	CNegCarpioExtr_replica3_30012026	NA	cneg_extr_3	negative_control	extraction	NA	2026-01-30	2026-08-10	2026-08-10	library_date_proxy	3.0	c	N710	S516	0.00751	NA	NA	54	NA	cneg_extr_3	data/raw_data/cneg_extr_3_R1.fastq.gz	data/raw_data/cneg_extr_3_R2.fastq.gz
carpio2_run3__cneg_extr_4__2026-01-30__2026-08-10	carpio2_run3	run_3	CNegCarpioExtr_replica4_30012026	NA	cneg_extr_4	negative_control	extraction	NA	2026-01-30	2026-08-10	2026-08-10	library_date_proxy	3.0	c	N711	S516	0.00145	NA	NA	65.7	NA	cneg_extr_4	data/raw_data/cneg_extr_4_R1.fastq.gz	data/raw_data/cneg_extr_4_R2.fastq.gz
carpio2_run3__cneg_extr_5__2026-01-30__2026-08-10	carpio2_run3	run_3	CNegCarpioExtr_replica5_30012026	NA	cneg_extr_5	negative_control	extraction	NA	2026-01-30	2026-08-10	2026-08-10	library_date_proxy	3.0	c	N712	S516	0.0241	NA	NA	64.1	NA	cneg_extr_5	data/raw_data/cneg_extr_5_R1.fastq.gz	data/raw_data/cneg_extr_5_R2.fastq.gz
carpio2_run3__cneg_extr_6__2026-01-30__2026-08-10	carpio2_run3	run_3	CNegCarpioExtr_replica6_30012026	NA	cneg_extr_6	negative_control	extraction	NA	2026-01-30	2026-08-10	2026-08-10	library_date_proxy	3.0	c	N714	S516	0.124	NA	NA	65.7	NA	cneg_extr_6	data/raw_data/cneg_extr_6_R1.fastq.gz	data/raw_data/cneg_extr_6_R2.fastq.gz
carpio2_run3__cneg_extr_7__2026-01-30__2026-08-10	carpio2_run3	run_3	CNegCarpioExtr_replica7_30012026	NA	cneg_extr_7	negative_control	extraction	NA	2026-01-30	2026-08-10	2026-08-10	library_date_proxy	3.0	c	N715	S516	0.0416	6.32	528	82.3	NA	cneg_extr_7	data/raw_data/cneg_extr_7_R1.fastq.gz	data/raw_data/cneg_extr_7_R2.fastq.gz
carpio2_run3__cneg_extr_8__2026-01-30__2026-08-10	carpio2_run3	run_3	CNegCarpioExtr_replica8_30012026	NA	cneg_extr_8	negative_control	extraction	NA	2026-01-30	2026-08-10	2026-08-10	library_date_proxy	3.0	c	N701	S517	0.00335	NA	NA	74	NA	cneg_extr_8	data/raw_data/cneg_extr_8_R1.fastq.gz	data/raw_data/cneg_extr_8_R2.fastq.gz
carpio2_run3__cneg_extr_9__2026-01-30__2026-08-10	carpio2_run3	run_3	CNegCarpioExtr_replica9_30012026	NA	cneg_extr_9	negative_control	extraction	NA	2026-01-30	2026-08-10	2026-08-10	library_date_proxy	3.0	c	N702	S517	0.0265	NA	NA	65	604	cneg_extr_9	data/raw_data/cneg_extr_9_R1.fastq.gz	data/raw_data/cneg_extr_9_R2.fastq.gz
carpio2_run3__cneg_pcr_1__NA__2026-08-10	carpio2_run3	run_3	CNegCarpioPCR_replica1_	NA	cneg_pcr_1	negative_control	pcr	NA	NA	2026-08-10	2026-08-10	library_date_proxy	3.0	c	N705	S517	NA	NA	NA	75.3	NA	cneg_pcr_1	data/raw_data/cneg_pcr_1_R1.fastq.gz	data/raw_data/cneg_pcr_1_R2.fastq.gz
carpio2_run3__cneg_pcr_10__NA__2026-08-10	carpio2_run3	run_3	CNegCarpioPCR_replica10_	NA	cneg_pcr_10	negative_control	pcr	NA	NA	2026-08-10	2026-08-10	library_date_proxy	3.0	c	N706	S515	NA	NA	NA	82.2	NA	cneg_pcr_10	data/raw_data/cneg_pcr_10_R1.fastq.gz	data/raw_data/cneg_pcr_10_R2.fastq.gz
carpio2_run3__cneg_pcr_2__NA__2026-08-10	carpio2_run3	run_3	CNegCarpioPCR_replica2_	NA	cneg_pcr_2	negative_control	pcr	NA	NA	2026-08-10	2026-08-10	library_date_proxy	3.0	c	N706	S517	NA	NA	NA	78.1	NA	cneg_pcr_2	data/raw_data/cneg_pcr_2_R1.fastq.gz	data/raw_data/cneg_pcr_2_R2.fastq.gz
carpio2_run3__cneg_pcr_3__NA__2026-08-10	carpio2_run3	run_3	CNegCarpioPCR_replica3_	NA	cneg_pcr_3	negative_control	pcr	NA	NA	2026-08-10	2026-08-10	library_date_proxy	3.0	c	N707	S517	NA	NA	NA	71.9	NA	cneg_pcr_3	data/raw_data/cneg_pcr_3_R1.fastq.gz	data/raw_data/cneg_pcr_3_R2.fastq.gz
carpio2_run3__cneg_pcr_4__NA__2026-08-10	carpio2_run3	run_3	CNegCarpioPCR_replica4_	NA	cneg_pcr_4	negative_control	pcr	NA	NA	2026-08-10	2026-08-10	library_date_proxy	3.0	c	N710	S517	NA	NA	NA	65.4	NA	cneg_pcr_4	data/raw_data/cneg_pcr_4_R1.fastq.gz	data/raw_data/cneg_pcr_4_R2.fastq.gz
carpio2_run3__cneg_pcr_5__NA__2026-08-10	carpio2_run3	run_3	CNegCarpioPCR_replica5_	NA	cneg_pcr_5	negative_control	pcr	NA	NA	2026-08-10	2026-08-10	library_date_proxy	3.0	c	N711	S517	NA	NA	NA	83.2	NA	cneg_pcr_5	data/raw_data/cneg_pcr_5_R1.fastq.gz	data/raw_data/cneg_pcr_5_R2.fastq.gz
carpio2_run3__cneg_pcr_6__NA__2026-08-10	carpio2_run3	run_3	CNegCarpioPCR_replica6_	NA	cneg_pcr_6	negative_control	pcr	NA	NA	2026-08-10	2026-08-10	library_date_proxy	3.0	c	N712	S517	NA	NA	NA	81.7	NA	cneg_pcr_6	data/raw_data/cneg_pcr_6_R1.fastq.gz	data/raw_data/cneg_pcr_6_R2.fastq.gz
carpio2_run3__cneg_pcr_7__NA__2026-08-10	carpio2_run3	run_3	CNegCarpioPCR_replica7_	NA	cneg_pcr_7	negative_control	pcr	NA	NA	2026-08-10	2026-08-10	library_date_proxy	3.0	c	N714	S517	NA	NA	NA	80.2	NA	cneg_pcr_7	data/raw_data/cneg_pcr_7_R1.fastq.gz	data/raw_data/cneg_pcr_7_R2.fastq.gz
carpio2_run3__cneg_pcr_8__NA__2026-08-10	carpio2_run3	run_3	CNegCarpioPCR_replica8_	NA	cneg_pcr_8	negative_control	pcr	NA	NA	2026-08-10	2026-08-10	library_date_proxy	3.0	c	N704	S515	NA	6.62	530	62	598	cneg_pcr_8	data/raw_data/cneg_pcr_8_R1.fastq.gz	data/raw_data/cneg_pcr_8_R2.fastq.gz
carpio2_run3__cneg_pcr_9__NA__2026-08-10	carpio2_run3	run_3	CNegCarpioPCR_replica9_	NA	cneg_pcr_9	negative_control	pcr	NA	NA	2026-08-10	2026-08-10	library_date_proxy	3.0	c	N705	S515	NA	NA	NA	72.9	NA	cneg_pcr_9	data/raw_data/cneg_pcr_9_R1.fastq.gz	data/raw_data/cneg_pcr_9_R2.fastq.gz
